seed,cognitive_id,birth_window,host_lost_window,reaped_window,final_state,ghost_duration,original_phase_sig,last_n_partners,last_familiarity_max,last_attention_size,last_tag_window,prev_social,prev_stability,prev_spread,prev_familiarity,current_social,current_stability,current_spread,current_familiarity,delta_social,delta_stability,delta_spread,delta_familiarity,generated_tags,state_at_window,ttl_bonus,n_pickups_won,n_pickups_lost,effective_ttl,v99_formation_status,v99_trace_len,v99_range_social_min,v99_range_social_max,v99_range_social_mean,v99_range_social_std,v99_range_stability_min,v99_range_stability_max,v99_range_stability_mean,v99_range_stability_std,v99_range_spread_min,v99_range_spread_max,v99_range_spread_mean,v99_range_spread_std,v99_range_familiarity_min,v99_range_familiarity_max,v99_range_familiarity_mean,v99_range_familiarity_std,v99_drift_social_positive,v99_drift_social_negative,v99_drift_social_neutral,v99_drift_stability_positive,v99_drift_stability_negative,v99_drift_stability_neutral,v99_drift_spread_positive,v99_drift_spread_negative,v99_drift_spread_neutral,v99_drift_familiarity_positive,v99_drift_familiarity_negative,v99_drift_familiarity_neutral,v99_lowest_std_axis,v99_dominant_positive_drift_axis,v99_dominant_negative_drift_axis,v10_pulse_count,v10_tag_trigger_last,v10_n_normal,v10_n_major,v10_theta_social_last,v10_theta_stability_last,v10_theta_spread_last,v10_theta_familiarity_last,v10_R_social_last,v10_R_stability_last,v10_R_spread_last,v10_R_familiarity_last,v10_R_max_social,v10_R_max_stability,v10_R_max_spread,v10_R_max_familiarity,v10_R_min_social,v10_R_min_stability,v10_R_min_spread,v10_R_min_familiarity,v11_b_gen,v11_m_c_n_core,v11_m_c_s_avg,v11_m_c_r_core,v11_m_c_phase_sig,v11_n_pulses_eval,v11_n_captured,v11_capture_rate,v11_mean_delta,v11_mean_d_n,v11_mean_d_s,v11_mean_d_r,v11_mean_d_phase
0,0,0,,,hosted,0,-0.6141,35,316.2444,1855,39,0.725,0.6888,0.8589,10.7399,0.7955,0.6181,0.8513,22.1338,0.0705,-0.0707,-0.0076,11.394,gain_familiarity,hosted,4,4,4,14,formed,5,0.725,0.868421052631579,0.8059802478223531,0.049607984806448555,0.6180539468029845,0.6887746544484266,0.6558538174407194,0.02569283487300553,0.8418274473381413,0.8588583354447312,0.8527809923795964,0.0061626463392727105,6.6038090580524775,22.133829922706745,12.530957683049062,5.1450398057713365,0,2,3,0,0,5,0,0,5,2,1,2,spread,familiarity,social,200,MAD_DT_Normal,163,69,0.021481,0.080454,0.005813,1.113123,-1.082573,-0.131786,-0.128524,0.017169,3.359872,4.987959,1.134077,4.497987,-3.927408,-4.910555,-3.348421,-1.247125,33.104708,5,0.339566,0.804072,-0.614067,197,58,0.294416,0.474655,0.519596,0.311579,0.58552,0.481926
0,2,0,,,hosted,0,0.7683,33,42.9911,1504,39,0.8,0.6362,0.8582,11.5818,0.75,0.5715,0.8335,12.4882,-0.05,-0.0646,-0.0248,0.9064,,hosted,3,3,5,13,formed,5,0.75,0.8947368421052632,0.8171524966261808,0.04657376978580157,0.5715229151405342,0.6610291019269383,0.6250830432376372,0.03278606714511525,0.8334835149275253,0.8586116496987741,0.8481629622899813,0.011533723025725652,7.9304865160369165,12.488219997965293,10.3363756542218,1.625618791953017,0,0,5,0,0,5,0,0,5,1,0,4,spread,familiarity,none,200,MAD_DT_Normal,161,68,0.018298,0.058883,0.006758,0.790912,0.0,0.027412,-0.553593,-1.254959,3.199184,6.246357,2.752026,3.97548,-4.318824,-3.684457,-2.759424,-1.7008,32.649914,5,0.394247,0.899805,0.768318,197,48,0.243655,0.515514,0.524672,0.366632,0.683733,0.487019
0,7,0,28,39,reaped,11,-1.1849,6,18.0315,117,28,0.1613,0.6569,0.7628,7.5006,0.1935,0.6258,0.7751,5.3024,0.0323,-0.0311,0.0124,-2.1982,loss_familiarity,hosted,1,1,0,11,unformed,0,unformed,unformed,unformed,unformed,unformed,unformed,unformed,unformed,unformed,unformed,unformed,unformed,unformed,unformed,unformed,unformed,unformed,unformed,unformed,unformed,unformed,unformed,unformed,unformed,unformed,unformed,unformed,unformed,unformed,unformed,unformed,0,unformed,0,0,0.0,0.0,0.0,0.0,0.0,0.0,0.0,0.0,unformed,unformed,unformed,unformed,unformed,unformed,unformed,unformed,unformed,unformed,unformed,unformed,unformed,0,0,unformed,unformed,unformed,unformed,unformed,unformed
0,9,2,35,,ghost,4,-3.0739,23,38.568,443,35,0.5897,0.6948,0.807,4.5953,0.5897,0.5618,0.7266,4.3693,0.0,-0.133,-0.0805,-0.2261,loss_stability,hosted,2,2,7,12,formed,5,0.5897435897435898,0.7878787878787878,0.682627898417372,0.08946755651291648,0.5618054921736622,0.6948358877248078,0.6368170413336698,0.046285135567741935,0.7265711934947404,0.8650352616637081,0.8134184646950564,0.04717181210748075,4.369267561506292,8.82463195195652,5.985438028193039,1.6030215224810764,0,1,4,0,1,4,0,0,5,1,1,3,stability,familiarity,tie,160,MAD_DT_Normal,130,55,0.009595,0.045454,0.008256,0.492371,0.0,0.206903,-2.680367,-1.012153,1.425882,3.543935,0.989644,4.830225,-1.252893,-4.407984,-3.046702,-1.642018,34.316202,5,0.287016,0.474555,-3.073906,157,63,0.401274,0.342176,0.35891,0.258234,0.261003,0.490558
0,10,2,,,hosted,0,-0.7231,35,42.5586,1023,39,0.75,0.6663,0.8212,4.5949,0.7955,0.7197,0.8182,6.9489,0.0455,0.0534,-0.0031,2.3539,gain_familiarity,hosted,2,2,6,12,formed,5,0.75,0.9210526315789473,0.8368911789964422,0.059421017260411255,0.5968196545577562,0.751371617267243,0.683302910434832,0.05239632990263313,0.8181730772250717,0.8556870539895925,0.8271348382674981,0.014311482215889564,4.594916568855223,8.107738307665747,6.189137107458635,1.227162584340259,0,1,4,0,1,4,0,0,5,1,1,3,spread,familiarity,tie,200,both,152,75,0.017239,0.044968,0.006735,0.491214,0.275925,0.141017,-2.250429,1.310758,3.791045,4.18863,2.89468,5.172799,-2.993634,-3.50606,-2.250429,-1.411061,25.243286,4,0.473888,0.97984,-0.723104,197,42,0.213198,0.50414,0.317377,0.445359,0.729421,0.524403
0,19,3,,,hosted,0,0.8291,42,66.0652,1823,39,0.925,0.654,0.8585,11.5761,0.9545,0.6721,0.8663,11.4833,0.0295,0.0181,0.0077,-0.0928,,hosted,2,2,5,12,formed,5,0.925,1.0,0.9707808857808858,0.028564995080184605,0.5837440384817633,0.7110054009519227,0.6589117815211105,0.041908762835366334,0.8522569197440626,0.8722799472145334,0.8641958226881419,0.007741082566067608,9.705447491661776,11.57608947833742,10.895302774423085,0.7462475848184702,0,0,5,0,1,4,0,0,5,0,0,5,spread,none,stability,200,both,157,71,0.022291,0.0358,0.004321,0.442794,-0.972124,0.121393,0.685997,-1.417456,3.694819,8.400014,2.35412,1.456467,-5.482947,-2.074131,-2.703725,-1.417456,35.367998,5,0.344944,0.218873,0.829122,197,68,0.345178,0.369417,0.555483,0.31701,0.096864,0.50831
0,22,4,,,hosted,0,2.2757,31,36.4917,1019,39,0.65,0.6243,0.8098,9.1467,0.7045,0.6303,0.8083,9.3858,0.0545,0.0059,-0.0016,0.2392,,hosted,5,5,2,15,formed,5,0.65,0.8205128205128205,0.7517457980615875,0.06658546771687109,0.6132783050691839,0.6721410449505714,0.6376752007745226,0.020647781851160275,0.8082681807170622,0.8504694735316448,0.8225073612143425,0.016894532308451775,7.4179934191839365,9.385825920532623,8.507922983348129,0.7218977169773627,0,1,4,0,0,5,0,0,5,1,0,4,spread,familiarity,social,200,both,147,65,0.02249,0.045876,0.011344,0.607594,-0.72849,0.061013,-3.759806,-0.345285,5.326237,5.997296,2.157827,2.875949,-3.534623,-4.255835,-3.759806,-2.075692,33.827521,5,0.256795,0.686832,2.275723,197,57,0.28934,0.399724,0.44369,0.227985,0.450695,0.476527
0,26,4,,,hosted,0,-2.366,26,37.758,1115,39,0.65,0.6688,0.8329,7.6594,0.5909,0.6817,0.8271,9.0599,-0.0591,0.0129,-0.0057,1.4006,,hosted,2,2,5,12,formed,5,0.5909090909090909,0.7692307692307693,0.6928511839038155,0.06472876805099723,0.6584618519789573,0.6816899033179485,0.6719214624494003,0.008835385429916267,0.8107240216633018,0.8539547035548842,0.8350435414607775,0.015848133694002717,6.86652544971447,9.059947022287199,8.270384022839554,0.8632267777653037,0,0,5,0,0,5,0,0,5,1,0,4,stability,familiarity,none,200,MAD_DT_Normal,173,67,0.017835,0.022522,0.007348,0.83232,-0.770475,-0.120098,-1.487306,-1.20001,1.131193,3.130512,4.088258,4.914913,-3.560361,-1.715439,-2.933859,-1.389689,33.641408,5,0.331572,0.592089,-2.365994,197,51,0.258883,0.3612,0.301676,0.303388,0.344312,0.495423
0,41,10,,,hosted,0,-2.4158,38,316.2444,1936,39,0.875,0.698,0.8604,11.4219,0.8636,0.6731,0.8309,25.176,-0.0114,-0.0249,-0.0295,13.7542,gain_familiarity,hosted,2,2,7,12,formed,5,0.8461538461538461,0.9473684210526315,0.8807907005275426,0.03475926631154574,0.6268285084042463,0.7169128460394943,0.6769161515634537,0.030395677597097746,0.8309347581480857,0.8612020355337882,0.8503896269876359,0.011025361107212346,9.02209738683812,25.17602645460796,13.592820543394968,5.859608592400787,1,1,3,0,0,5,0,0,5,2,0,3,spread,familiarity,social,200,MAD_DT_Normal,160,57,0.019838,0.020152,0.006065,0.955748,-1.012354,-0.081338,-1.882937,-0.334375,3.29977,5.541667,2.178387,4.343278,-2.055247,-2.452703,-2.707389,-1.575446,34.166557,5,0.463746,0.328251,-2.415751,197,68,0.345178,0.419458,0.574076,0.435802,0.152634,0.515321
0,42,10,,,hosted,0,-1.429,44,40.801,1780,39,1.0,0.6661,0.8615,11.5303,1.0,0.6368,0.8393,8.5155,0.0,-0.0293,-0.0222,-3.0148,loss_familiarity,hosted,4,4,1,14,formed,5,0.8974358974358975,1.0,0.9742240215924426,0.03972382306895624,0.6367716263669726,0.7274237371826117,0.6826053118122906,0.03206047593202319,0.8333268172900371,0.8614574834533986,0.8480966263268703,0.010739571536601232,8.515475712677535,15.006278339228519,11.09762934439537,2.2222243119492404,1,0,4,1,0,4,0,0,5,2,2,1,spread,familiarity,familiarity,200,MAD_DT_Normal,156,64,0.003684,0.031463,0.003916,0.73774,0.0,0.397131,-1.256097,-0.899445,1.810056,6.352829,2.118557,3.519449,-1.726811,-4.554981,-3.276669,-1.545179,32.576722,5,0.426585,0.891128,-1.429013,197,37,0.187817,0.533853,0.553536,0.398699,0.692496,0.490683
0,44,10,,,hosted,0,-0.1043,30,41.0291,993,39,0.675,0.7427,0.8288,9.4361,0.6818,0.5897,0.8565,9.0597,0.0068,-0.153,0.0278,-0.3764,loss_stability,hosted,3,3,4,13,formed,5,0.675,0.7435897435897436,0.7006483867010183,0.02459071838632967,0.5897127791599435,0.7427046264236855,0.6675731135619806,0.05895717393467588,0.8087415727064561,0.8565318466405364,0.8332620317977801,0.015424729348501186,4.10734610296374,9.436131042914427,7.618686813919848,1.890792305084747,0,0,5,0,2,3,0,0,5,1,2,2,spread,familiarity,tie,200,MAD_DT_Normal,167,72,0.014839,0.021395,0.006352,0.687604,0.498625,0.367426,2.010503,2.048606,2.478901,2.495035,2.112492,4.144313,-4.332471,-5.846421,-1.889825,-1.413849,25.912894,4,0.348598,0.816933,-0.104309,197,67,0.340102,0.420632,0.310235,0.32049,0.557386,0.494418
0,52,11,30,,ghost,9,1.1693,21,39.2283,567,30,0.5882,0.6776,0.8477,6.46,0.6176,0.6501,0.8006,4.2685,0.0294,-0.0275,-0.0472,-2.1915,loss_familiarity,hosted,3,3,3,13,formed,5,0.5882352941176471,0.6923076923076923,0.6441541380820318,0.038094346423577764,0.6500730400830538,0.6854437548759803,0.6627754548444058,0.01551395521248911,0.7962938638559452,0.8477145431645974,0.8250136964628675,0.02233165489445318,2.168147454872247,21.365430542889655,8.595415853653488,6.748025536135293,0,0,5,0,0,5,0,0,5,1,3,1,stability,familiarity,familiarity,110,both,71,35,0.011644,0.074908,0.00786,0.634705,2.525682,-0.119066,2.11021,1.731118,2.525682,5.047502,2.11021,1.731118,-3.42223,-4.551292,-2.232592,-0.87659,19.356805,3,0.27708,0.450871,1.169343,107,45,0.420561,0.277913,0.179744,0.247908,0.181148,0.502852
0,64,18,26,37,reaped,11,1.0775,9,25.9711,129,26,0.3478,0.6129,0.752,3.4804,0.3462,0.6552,0.7835,4.6963,-0.0017,0.0423,0.0315,1.2159,,hosted,1,1,1,11,unformed,0,unformed,unformed,unformed,unformed,unformed,unformed,unformed,unformed,unformed,unformed,unformed,unformed,unformed,unformed,unformed,unformed,unformed,unformed,unformed,unformed,unformed,unformed,unformed,unformed,unformed,unformed,unformed,unformed,unformed,unformed,unformed,0,unformed,0,0,0.0,0.0,0.0,0.0,0.0,0.0,0.0,0.0,unformed,unformed,unformed,unformed,unformed,unformed,unformed,unformed,unformed,unformed,unformed,unformed,unformed,0,0,unformed,unformed,unformed,unformed,unformed,unformed
0,65,19,20,30,reaped,10,0.5416,3,34.5359,87,,,,,,,,,,,,,,,,0,0,0,10,unformed,0,unformed,unformed,unformed,unformed,unformed,unformed,unformed,unformed,unformed,unformed,unformed,unformed,unformed,unformed,unformed,unformed,unformed,unformed,unformed,unformed,unformed,unformed,unformed,unformed,unformed,unformed,unformed,unformed,unformed,unformed,unformed,0,unformed,0,0,0.0,0.0,0.0,0.0,0.0,0.0,0.0,0.0,unformed,unformed,unformed,unformed,unformed,unformed,unformed,unformed,unformed,unformed,unformed,unformed,unformed,0,0,unformed,unformed,unformed,unformed,unformed,unformed
0,66,19,20,30,reaped,10,-1.6813,2,32.9399,92,,,,,,,,,,,,,,,,0,0,0,10,unformed,0,unformed,unformed,unformed,unformed,unformed,unformed,unformed,unformed,unformed,unformed,unformed,unformed,unformed,unformed,unformed,unformed,unformed,unformed,unformed,unformed,unformed,unformed,unformed,unformed,unformed,unformed,unformed,unformed,unformed,unformed,unformed,0,unformed,0,0,0.0,0.0,0.0,0.0,0.0,0.0,0.0,0.0,unformed,unformed,unformed,unformed,unformed,unformed,unformed,unformed,unformed,unformed,unformed,unformed,unformed,0,0,unformed,unformed,unformed,unformed,unformed,unformed
0,67,20,26,36,reaped,10,2.7318,15,63.7867,433,26,0.5217,0.6629,0.8206,15.6365,0.5769,0.6961,0.7956,12.8947,0.0552,0.0333,-0.025,-2.7418,loss_familiarity,hosted,0,0,0,10,unformed,0,unformed,unformed,unformed,unformed,unformed,unformed,unformed,unformed,unformed,unformed,unformed,unformed,unformed,unformed,unformed,unformed,unformed,unformed,unformed,unformed,unformed,unformed,unformed,unformed,unformed,unformed,unformed,unformed,unformed,unformed,unformed,0,unformed,0,0,0.0,0.0,0.0,0.0,0.0,0.0,0.0,0.0,unformed,unformed,unformed,unformed,unformed,unformed,unformed,unformed,unformed,unformed,unformed,unformed,unformed,0,0,unformed,unformed,unformed,unformed,unformed,unformed
0,68,21,22,32,reaped,10,-0.5233,11,316.2444,336,,,,,,,,,,,,,,,,0,0,0,10,unformed,0,unformed,unformed,unformed,unformed,unformed,unformed,unformed,unformed,unformed,unformed,unformed,unformed,unformed,unformed,unformed,unformed,unformed,unformed,unformed,unformed,unformed,unformed,unformed,unformed,unformed,unformed,unformed,unformed,unformed,unformed,unformed,0,unformed,0,0,0.0,0.0,0.0,0.0,0.0,0.0,0.0,0.0,unformed,unformed,unformed,unformed,unformed,unformed,unformed,unformed,unformed,unformed,unformed,unformed,unformed,0,0,unformed,unformed,unformed,unformed,unformed,unformed
0,69,21,22,32,reaped,10,0.3984,4,316.2444,82,,,,,,,,,,,,,,,,0,0,0,10,unformed,0,unformed,unformed,unformed,unformed,unformed,unformed,unformed,unformed,unformed,unformed,unformed,unformed,unformed,unformed,unformed,unformed,unformed,unformed,unformed,unformed,unformed,unformed,unformed,unformed,unformed,unformed,unformed,unformed,unformed,unformed,unformed,0,unformed,0,0,0.0,0.0,0.0,0.0,0.0,0.0,0.0,0.0,unformed,unformed,unformed,unformed,unformed,unformed,unformed,unformed,unformed,unformed,unformed,unformed,unformed,0,0,unformed,unformed,unformed,unformed,unformed,unformed
0,70,21,22,32,reaped,10,-0.464,3,316.2444,104,,,,,,,,,,,,,,,,0,0,0,10,unformed,0,unformed,unformed,unformed,unformed,unformed,unformed,unformed,unformed,unformed,unformed,unformed,unformed,unformed,unformed,unformed,unformed,unformed,unformed,unformed,unformed,unformed,unformed,unformed,unformed,unformed,unformed,unformed,unformed,unformed,unformed,unformed,0,unformed,0,0,0.0,0.0,0.0,0.0,0.0,0.0,0.0,0.0,unformed,unformed,unformed,unformed,unformed,unformed,unformed,unformed,unformed,unformed,unformed,unformed,unformed,0,0,unformed,unformed,unformed,unformed,unformed,unformed
0,71,21,23,33,reaped,10,-2.781,8,21.5721,180,23,0.1905,0.6526,0.825,16.1125,0.3636,0.6995,0.766,7.8405,0.1732,0.0469,-0.059,-8.2719,gain_social|loss_familiarity,hosted,0,0,0,10,unformed,0,unformed,unformed,unformed,unformed,unformed,unformed,unformed,unformed,unformed,unformed,unformed,unformed,unformed,unformed,unformed,unformed,unformed,unformed,unformed,unformed,unformed,unformed,unformed,unformed,unformed,unformed,unformed,unformed,unformed,unformed,unformed,0,unformed,0,0,0.0,0.0,0.0,0.0,0.0,0.0,0.0,0.0,unformed,unformed,unformed,unformed,unformed,unformed,unformed,unformed,unformed,unformed,unformed,unformed,unformed,0,0,unformed,unformed,unformed,unformed,unformed,unformed
0,72,21,22,32,reaped,10,-0.3677,4,55.581,89,,,,,,,,,,,,,,,,0,0,0,10,unformed,0,unformed,unformed,unformed,unformed,unformed,unformed,unformed,unformed,unformed,unformed,unformed,unformed,unformed,unformed,unformed,unformed,unformed,unformed,unformed,unformed,unformed,unformed,unformed,unformed,unformed,unformed,unformed,unformed,unformed,unformed,unformed,0,unformed,0,0,0.0,0.0,0.0,0.0,0.0,0.0,0.0,0.0,unformed,unformed,unformed,unformed,unformed,unformed,unformed,unformed,unformed,unformed,unformed,unformed,unformed,0,0,unformed,unformed,unformed,unformed,unformed,unformed
0,73,21,22,32,reaped,10,1.0844,3,316.2444,127,,,,,,,,,,,,,,,,0,0,0,10,unformed,0,unformed,unformed,unformed,unformed,unformed,unformed,unformed,unformed,unformed,unformed,unformed,unformed,unformed,unformed,unformed,unformed,unformed,unformed,unformed,unformed,unformed,unformed,unformed,unformed,unformed,unformed,unformed,unformed,unformed,unformed,unformed,0,unformed,0,0,0.0,0.0,0.0,0.0,0.0,0.0,0.0,0.0,unformed,unformed,unformed,unformed,unformed,unformed,unformed,unformed,unformed,unformed,unformed,unformed,unformed,0,0,unformed,unformed,unformed,unformed,unformed,unformed
0,74,21,24,34,reaped,10,-0.0763,6,23.1932,202,24,0.2273,0.7382,0.8329,24.7541,0.2727,0.7499,0.7766,11.4467,0.0455,0.0117,-0.0563,-13.3074,loss_familiarity,hosted,0,0,2,10,unformed,0,unformed,unformed,unformed,unformed,unformed,unformed,unformed,unformed,unformed,unformed,unformed,unformed,unformed,unformed,unformed,unformed,unformed,unformed,unformed,unformed,unformed,unformed,unformed,unformed,unformed,unformed,unformed,unformed,unformed,unformed,unformed,0,unformed,0,0,0.0,0.0,0.0,0.0,0.0,0.0,0.0,0.0,unformed,unformed,unformed,unformed,unformed,unformed,unformed,unformed,unformed,unformed,unformed,unformed,unformed,0,0,unformed,unformed,unformed,unformed,unformed,unformed
0,75,21,24,35,reaped,11,0.2995,8,16.0306,186,24,0.3182,0.6959,0.819,18.8122,0.3636,0.6213,0.768,7.5927,0.0455,-0.0746,-0.051,-11.2194,loss_familiarity,hosted,1,1,0,11,unformed,0,unformed,unformed,unformed,unformed,unformed,unformed,unformed,unformed,unformed,unformed,unformed,unformed,unformed,unformed,unformed,unformed,unformed,unformed,unformed,unformed,unformed,unformed,unformed,unformed,unformed,unformed,unformed,unformed,unformed,unformed,unformed,0,unformed,0,0,0.0,0.0,0.0,0.0,0.0,0.0,0.0,0.0,unformed,unformed,unformed,unformed,unformed,unformed,unformed,unformed,unformed,unformed,unformed,unformed,unformed,0,0,unformed,unformed,unformed,unformed,unformed,unformed
0,76,21,23,33,reaped,10,2.1564,4,37.2386,160,23,0.0952,0.6402,0.8201,17.963,0.1818,0.6912,0.7927,13.4956,0.0866,0.051,-0.0274,-4.4674,loss_familiarity,hosted,0,0,0,10,unformed,0,unformed,unformed,unformed,unformed,unformed,unformed,unformed,unformed,unformed,unformed,unformed,unformed,unformed,unformed,unformed,unformed,unformed,unformed,unformed,unformed,unformed,unformed,unformed,unformed,unformed,unformed,unformed,unformed,unformed,unformed,unformed,0,unformed,0,0,0.0,0.0,0.0,0.0,0.0,0.0,0.0,0.0,unformed,unformed,unformed,unformed,unformed,unformed,unformed,unformed,unformed,unformed,unformed,unformed,unformed,0,0,unformed,unformed,unformed,unformed,unformed,unformed
0,77,21,24,34,reaped,10,-1.3029,6,21.8196,125,24,0.2273,0.721,0.7912,20.3289,0.2727,0.6681,0.7537,9.8625,0.0455,-0.0529,-0.0375,-10.4664,loss_familiarity,hosted,0,0,0,10,unformed,0,unformed,unformed,unformed,unformed,unformed,unformed,unformed,unformed,unformed,unformed,unformed,unformed,unformed,unformed,unformed,unformed,unformed,unformed,unformed,unformed,unformed,unformed,unformed,unformed,unformed,unformed,unformed,unformed,unformed,unformed,unformed,0,unformed,0,0,0.0,0.0,0.0,0.0,0.0,0.0,0.0,0.0,unformed,unformed,unformed,unformed,unformed,unformed,unformed,unformed,unformed,unformed,unformed,unformed,unformed,0,0,unformed,unformed,unformed,unformed,unformed,unformed
0,78,23,24,34,reaped,10,1.4113,1,5.0029,89,,,,,,,,,,,,,,,,0,0,0,10,unformed,0,unformed,unformed,unformed,unformed,unformed,unformed,unformed,unformed,unformed,unformed,unformed,unformed,unformed,unformed,unformed,unformed,unformed,unformed,unformed,unformed,unformed,unformed,unformed,unformed,unformed,unformed,unformed,unformed,unformed,unformed,unformed,0,unformed,0,0,0.0,0.0,0.0,0.0,0.0,0.0,0.0,0.0,unformed,unformed,unformed,unformed,unformed,unformed,unformed,unformed,unformed,unformed,unformed,unformed,unformed,0,0,unformed,unformed,unformed,unformed,unformed,unformed
0,79,24,28,,ghost,11,0.2352,4,15.939,173,28,0.0968,0.6781,0.8097,6.945,0.129,0.6762,0.7964,5.899,0.0323,-0.0019,-0.0134,-1.0459,,hosted,2,2,2,12,formed,3,0.0967741935483871,0.12903225806451613,0.11373035566583954,0.01322114752948369,0.6177210137295137,0.678131732558856,0.657366108146328,0.02804388855706384,0.7638778005906781,0.8097301836412069,0.7899909560921158,0.019254098715327836,5.899027111120163,18.89730719905774,10.580435797441606,5.896397949982798,0,0,3,0,0,3,0,0,3,0,2,1,social,none,familiarity,40,none,24,15,0.003276,0.055908,0.012465,1.154779,0.0,0.069548,-0.601611,-0.559787,10.886496,5.259927,2.456334,2.84482,-2.302393,-4.276809,-2.762775,-0.589385,12.073053,2,0.057651,0.78984,0.235207,37,17,0.459459,0.219619,0.073539,0.031946,0.337305,0.435685
0,80,24,25,35,reaped,10,2.3252,3,23.8684,92,,,,,,,,,,,,,,,,0,0,0,10,unformed,0,unformed,unformed,unformed,unformed,unformed,unformed,unformed,unformed,unformed,unformed,unformed,unformed,unformed,unformed,unformed,unformed,unformed,unformed,unformed,unformed,unformed,unformed,unformed,unformed,unformed,unformed,unformed,unformed,unformed,unformed,unformed,0,unformed,0,0,0.0,0.0,0.0,0.0,0.0,0.0,0.0,0.0,unformed,unformed,unformed,unformed,unformed,unformed,unformed,unformed,unformed,unformed,unformed,unformed,unformed,0,0,unformed,unformed,unformed,unformed,unformed,unformed
0,81,24,25,35,reaped,10,1.7725,2,316.2444,77,,,,,,,,,,,,,,,,0,0,1,10,unformed,0,unformed,unformed,unformed,unformed,unformed,unformed,unformed,unformed,unformed,unformed,unformed,unformed,unformed,unformed,unformed,unformed,unformed,unformed,unformed,unformed,unformed,unformed,unformed,unformed,unformed,unformed,unformed,unformed,unformed,unformed,unformed,0,unformed,0,0,0.0,0.0,0.0,0.0,0.0,0.0,0.0,0.0,unformed,unformed,unformed,unformed,unformed,unformed,unformed,unformed,unformed,unformed,unformed,unformed,unformed,0,0,unformed,unformed,unformed,unformed,unformed,unformed
0,82,25,31,,ghost,8,-2.779,27,49.5933,1825,31,0.7647,0.7012,0.8601,15.5083,0.8182,0.6913,0.8509,12.1029,0.0535,-0.0099,-0.0092,-3.4054,loss_familiarity,hosted,0,0,1,10,formed,5,0.5483870967741935,0.8181818181818182,0.6835604623080904,0.10398957004075922,0.6432965282669998,0.7012006867814239,0.6732246740335232,0.02414018533091078,0.8347725136430055,0.868666178651762,0.8553241261553225,0.01173931435676353,11.548522888217605,16.058061849877383,13.605414239454173,1.8307646235025896,1,0,4,0,0,5,0,0,5,1,2,2,spread,tie,familiarity,60,both,45,25,0.005615,0.020733,0.005758,0.810712,5.395864,-0.841664,0.271426,-0.983314,5.395864,2.333402,2.027875,2.467752,0.0,-1.813195,-2.148969,-2.27355,33.544997,5,0.269819,0.832154,-2.779044,57,18,0.315789,0.435154,0.483068,0.241149,0.618128,0.39827
0,83,25,26,36,reaped,10,0.0573,4,316.2444,86,,,,,,,,,,,,,,,,0,0,0,10,unformed,0,unformed,unformed,unformed,unformed,unformed,unformed,unformed,unformed,unformed,unformed,unformed,unformed,unformed,unformed,unformed,unformed,unformed,unformed,unformed,unformed,unformed,unformed,unformed,unformed,unformed,unformed,unformed,unformed,unformed,unformed,unformed,0,unformed,0,0,0.0,0.0,0.0,0.0,0.0,0.0,0.0,0.0,unformed,unformed,unformed,unformed,unformed,unformed,unformed,unformed,unformed,unformed,unformed,unformed,unformed,0,0,unformed,unformed,unformed,unformed,unformed,unformed
0,84,25,26,36,reaped,10,0.8806,3,316.2444,110,,,,,,,,,,,,,,,,0,0,0,10,unformed,0,unformed,unformed,unformed,unformed,unformed,unformed,unformed,unformed,unformed,unformed,unformed,unformed,unformed,unformed,unformed,unformed,unformed,unformed,unformed,unformed,unformed,unformed,unformed,unformed,unformed,unformed,unformed,unformed,unformed,unformed,unformed,0,unformed,0,0,0.0,0.0,0.0,0.0,0.0,0.0,0.0,0.0,unformed,unformed,unformed,unformed,unformed,unformed,unformed,unformed,unformed,unformed,unformed,unformed,unformed,0,0,unformed,unformed,unformed,unformed,unformed,unformed
0,85,25,26,37,reaped,11,1.5137,2,16.921,115,,,,,,,,,,,,,,,,1,1,0,11,unformed,0,unformed,unformed,unformed,unformed,unformed,unformed,unformed,unformed,unformed,unformed,unformed,unformed,unformed,unformed,unformed,unformed,unformed,unformed,unformed,unformed,unformed,unformed,unformed,unformed,unformed,unformed,unformed,unformed,unformed,unformed,unformed,0,unformed,0,0,0.0,0.0,0.0,0.0,0.0,0.0,0.0,0.0,unformed,unformed,unformed,unformed,unformed,unformed,unformed,unformed,unformed,unformed,unformed,unformed,unformed,0,0,unformed,unformed,unformed,unformed,unformed,unformed
0,86,26,,,hosted,0,2.3758,42,49.2081,1754,39,0.95,0.6726,0.8503,8.9263,0.9545,0.7046,0.8498,8.9624,0.0045,0.032,-0.0005,0.0361,,hosted,1,1,6,11,formed,5,0.8717948717948718,1.0,0.93988344988345,0.042070969502277684,0.6125186653309194,0.7045742934689772,0.6609326973735786,0.0314088595878876,0.8487241315783661,0.868484088241088,0.8543020848970008,0.007336561865754372,6.868184588686359,11.84484857113857,9.195248285445969,1.587094902611748,0,0,5,0,0,5,0,0,5,1,2,2,spread,familiarity,familiarity,130,MAD_DT_Normal,104,48,0.018107,0.023007,0.005089,0.578688,-1.225886,0.011202,-0.397513,-0.805887,2.131433,3.510981,2.298084,3.98602,-5.685879,-1.826992,-3.98325,-1.648414,32.958054,5,0.358907,0.889934,2.375761,127,31,0.244094,0.518862,0.523897,0.330702,0.689255,0.531596
0,87,26,27,37,reaped,10,0.2547,2,28.9168,109,,,,,,,,,,,,,,,,0,0,1,10,unformed,0,unformed,unformed,unformed,unformed,unformed,unformed,unformed,unformed,unformed,unformed,unformed,unformed,unformed,unformed,unformed,unformed,unformed,unformed,unformed,unformed,unformed,unformed,unformed,unformed,unformed,unformed,unformed,unformed,unformed,unformed,unformed,0,unformed,0,0,0.0,0.0,0.0,0.0,0.0,0.0,0.0,0.0,unformed,unformed,unformed,unformed,unformed,unformed,unformed,unformed,unformed,unformed,unformed,unformed,unformed,0,0,unformed,unformed,unformed,unformed,unformed,unformed
0,88,26,32,,ghost,7,-2.6477,9,27.2569,181,32,0.1515,0.6036,0.7698,7.1734,0.2727,0.7453,0.7948,8.8759,0.1212,0.1416,0.025,1.7024,gain_social|gain_stability,hosted,1,1,1,11,formed,5,0.0967741935483871,0.2727272727272727,0.15126214708757404,0.06321823495922008,0.6036326410846083,0.7452599228430651,0.6720757940803378,0.051002283015402716,0.7698151599448738,0.8116852880222594,0.789978430703432,0.013636949232990535,7.173425022153303,8.87587445725004,7.694141128371479,0.6304898835870458,1,0,4,1,1,3,0,0,5,0,1,4,spread,tie,tie,60,MAD_DT_Normal,35,30,0.008512,0.034814,0.016804,1.291439,3.559791,-0.198038,-0.135758,0.312665,13.297645,3.605055,2.652454,4.61796,-1.082648,-4.365513,-2.773085,-1.033183,12.464773,2,0.01878,0.996567,-2.647716,57,22,0.385965,0.266291,0.058956,0.010576,0.5099,0.485731
0,89,26,27,38,reaped,11,1.4996,3,33.4228,85,,,,,,,,,,,,,,,,1,1,0,11,unformed,0,unformed,unformed,unformed,unformed,unformed,unformed,unformed,unformed,unformed,unformed,unformed,unformed,unformed,unformed,unformed,unformed,unformed,unformed,unformed,unformed,unformed,unformed,unformed,unformed,unformed,unformed,unformed,unformed,unformed,unformed,unformed,0,unformed,0,0,0.0,0.0,0.0,0.0,0.0,0.0,0.0,0.0,unformed,unformed,unformed,unformed,unformed,unformed,unformed,unformed,unformed,unformed,unformed,unformed,unformed,0,0,unformed,unformed,unformed,unformed,unformed,unformed
0,90,26,36,,ghost,3,-3.0835,19,23.2907,499,36,0.4359,0.6536,0.8015,6.2239,0.4872,0.6786,0.8384,5.2134,0.0513,0.025,0.0369,-1.0105,,hosted,2,2,7,12,formed,5,0.42105263157894735,0.48717948717948717,0.45111029321555635,0.02986218324374522,0.6536166923684834,0.70663864316343,0.686132032048553,0.01908577606832306,0.8015370949244138,0.83843329611271,0.8205219498972183,0.016411975337004697,5.213449214079714,8.916871794972717,6.437573127564877,1.2875324788826523,0,0,5,0,0,5,0,0,5,1,1,3,spread,familiarity,familiarity,100,MAD_DT_Normal,78,41,0.01,0.034236,0.009786,0.76356,-1.281923,-0.081524,-0.661799,-0.731913,2.556318,5.41887,3.079811,2.823356,-3.396334,-3.545005,-2.904605,-1.10204,18.786138,3,0.462586,0.550987,-3.083461,97,34,0.350515,0.347108,0.169863,0.43526,0.278053,0.505256
0,91,27,28,38,reaped,10,2.9699,5,36.2795,106,,,,,,,,,,,,,,,,0,0,0,10,unformed,0,unformed,unformed,unformed,unformed,unformed,unformed,unformed,unformed,unformed,unformed,unformed,unformed,unformed,unformed,unformed,unformed,unformed,unformed,unformed,unformed,unformed,unformed,unformed,unformed,unformed,unformed,unformed,unformed,unformed,unformed,unformed,0,unformed,0,0,0.0,0.0,0.0,0.0,0.0,0.0,0.0,0.0,unformed,unformed,unformed,unformed,unformed,unformed,unformed,unformed,unformed,unformed,unformed,unformed,unformed,0,0,unformed,unformed,unformed,unformed,unformed,unformed
0,92,27,30,,ghost,9,-0.8522,7,18.1906,131,30,0.1176,0.6792,0.7777,7.0433,0.2059,0.698,0.7216,6.7665,0.0882,0.0188,-0.0561,-0.2767,,hosted,0,0,1,10,unformed,2,unformed,unformed,unformed,unformed,unformed,unformed,unformed,unformed,unformed,unformed,unformed,unformed,unformed,unformed,unformed,unformed,unformed,unformed,unformed,unformed,unformed,unformed,unformed,unformed,unformed,unformed,unformed,unformed,unformed,unformed,unformed,30,MAD_DT_Normal,16,11,0.007806,0.029608,0.010642,0.990773,0.0,0.11097,-1.425109,-0.729171,7.432689,4.935073,1.347512,2.288779,-1.604331,-2.833154,-2.757095,-0.81443,12.77883,2,0.009159,0.983922,-0.852195,27,11,0.407407,0.257436,0.057709,0.015102,0.459135,0.497799
0,93,27,29,39,reaped,10,3.1148,3,7.0405,201,29,0.0968,0.707,0.8354,11.959,0.0882,0.6337,0.8268,4.3951,-0.0085,-0.0733,-0.0086,-7.5639,loss_familiarity,hosted,0,0,1,10,unformed,0,unformed,unformed,unformed,unformed,unformed,unformed,unformed,unformed,unformed,unformed,unformed,unformed,unformed,unformed,unformed,unformed,unformed,unformed,unformed,unformed,unformed,unformed,unformed,unformed,unformed,unformed,unformed,unformed,unformed,unformed,unformed,0,unformed,0,0,0.0,0.0,0.0,0.0,0.0,0.0,0.0,0.0,unformed,unformed,unformed,unformed,unformed,unformed,unformed,unformed,unformed,unformed,unformed,unformed,unformed,0,0,unformed,unformed,unformed,unformed,unformed,unformed
0,94,27,33,,ghost,6,2.6749,8,5.7458,131,33,0.2424,0.6608,0.7213,3.5325,0.2105,0.673,0.7425,1.2982,-0.0319,0.0122,0.0212,-2.2342,loss_familiarity,hosted,1,1,1,11,formed,5,0.17647058823529413,0.24242424242424243,0.20948494230227976,0.020956899075902424,0.6345795361322959,0.6731306703257678,0.6597347903591245,0.014108348143886226,0.7212582952848294,0.792583416397665,0.7457490018261549,0.02496277633117068,1.2982161508278796,26.1993370301383,9.85830189625574,9.132887687296217,0,0,5,0,0,5,0,0,5,0,4,1,stability,none,familiarity,60,both,41,24,0.005008,0.049145,0.019285,0.474157,1.077675,0.121909,-3.48154,-0.291155,8.497689,7.698599,2.282503,2.831423,-4.225595,-2.208035,-3.48154,-0.634001,12.29578,2,0.027634,0.991802,2.674869,57,25,0.438596,0.246367,0.057732,0.009509,0.448285,0.469944
0,95,28,29,39,reaped,10,-2.2519,7,316.2444,142,,,,,,,,,,,,,,,,0,0,0,10,unformed,0,unformed,unformed,unformed,unformed,unformed,unformed,unformed,unformed,unformed,unformed,unformed,unformed,unformed,unformed,unformed,unformed,unformed,unformed,unformed,unformed,unformed,unformed,unformed,unformed,unformed,unformed,unformed,unformed,unformed,unformed,unformed,0,unformed,0,0,0.0,0.0,0.0,0.0,0.0,0.0,0.0,0.0,unformed,unformed,unformed,unformed,unformed,unformed,unformed,unformed,unformed,unformed,unformed,unformed,unformed,0,0,unformed,unformed,unformed,unformed,unformed,unformed
0,96,28,33,,ghost,6,2.8917,11,496.6479,157,33,0.3333,0.7038,0.806,51.0655,0.2895,0.6729,0.7202,47.5166,-0.0439,-0.0309,-0.0858,-3.5489,loss_familiarity,hosted,1,1,2,11,formed,4,0.2894736842105263,0.3333333333333333,0.31991744066047473,0.018026653838558733,0.6643541199417592,0.7038117671507694,0.6843626178962128,0.01623896060754842,0.7202209581238002,0.8096425263959526,0.7788432951042406,0.035793355164164424,47.51663540386048,51.66803783704956,50.37621943451555,1.6652971419259444,0,0,4,0,0,4,0,0,4,0,2,2,stability,none,familiarity,50,MAD_DT_Normal,35,18,0.004803,0.02226,0.010772,0.622554,1.545138,0.238227,-0.507863,-0.350825,2.203626,3.013843,1.624979,2.204058,-7.664286,-3.105045,-3.528372,-0.810103,12.220725,2,0.034068,0.999233,2.891658,47,16,0.340426,0.264815,0.076942,0.009855,0.53182,0.440642
0,97,28,33,,ghost,6,-2.9991,12,8.2282,119,33,0.3636,0.7306,0.8001,8.3347,0.3158,0.629,0.7067,3.0631,-0.0478,-0.1016,-0.0934,-5.2716,loss_stability|loss_familiarity,hosted,0,0,4,10,formed,4,0.29411764705882354,0.36363636363636365,0.32671920442818275,0.025440832839254083,0.6289533304355028,0.7305851389751363,0.6769440947202949,0.038248532003269615,0.7067320662214125,0.8001329831074643,0.7619770365482388,0.03520341853961694,3.0630858122759985,15.993010832038431,9.782731949363447,4.7341737932086385,0,0,4,0,1,3,0,1,3,0,4,0,social,none,familiarity,50,MAD_DT_Normal,37,22,0.006754,0.019272,0.016244,0.870955,1.198608,-1.107684,-0.44079,-0.371753,5.665639,1.579857,2.982762,2.131232,-3.676267,-3.037947,-3.404951,-0.991032,12.708808,2,0.011795,0.938027,-2.999115,47,23,0.489362,0.239227,0.064819,0.013241,0.426404,0.452446
0,98,29,31,,ghost,8,-2.3113,2,9.4291,128,31,0.0294,0.6843,0.8072,7.1243,0.0606,0.6565,0.8112,8.7259,0.0312,-0.0278,0.0039,1.6015,,hosted,1,1,0,11,unformed,1,unformed,unformed,unformed,unformed,unformed,unformed,unformed,unformed,unformed,unformed,unformed,unformed,unformed,unformed,unformed,unformed,unformed,unformed,unformed,unformed,unformed,unformed,unformed,unformed,unformed,unformed,unformed,unformed,unformed,unformed,unformed,20,MAD_DT_Normal,13,11,0.001642,0.034125,0.014108,1.527671,0.0,-0.098826,-1.173446,-0.602559,11.995106,5.421272,1.60764,4.157814,0.0,-3.048745,-2.676751,-0.910542,11.508511,2,0.197825,0.898766,-2.311291,17,8,0.470588,0.295854,0.056088,0.172844,0.442638,0.511847
0,99,30,32,,ghost,7,-1.2571,4,25.6107,133,32,0.0606,0.6316,0.8111,20.8692,0.1212,0.6323,0.7711,15.4392,0.0606,0.0007,-0.04,-5.4301,loss_familiarity,hosted,0,0,0,10,unformed,1,unformed,unformed,unformed,unformed,unformed,unformed,unformed,unformed,unformed,unformed,unformed,unformed,unformed,unformed,unformed,unformed,unformed,unformed,unformed,unformed,unformed,unformed,unformed,unformed,unformed,unformed,unformed,unformed,unformed,unformed,unformed,20,none,9,11,0.00523,0.030799,0.016374,4.348612,0.0,0.091295,-0.89932,-0.373788,7.19148,1.036463,1.258658,2.260228,-0.685974,-0.616304,-3.134539,-2.026187,12.381366,2,0.022448,0.996699,-1.25713,17,7,0.411765,0.271766,0.056088,0.008003,0.538065,0.484906
0,100,30,32,,ghost,7,-0.7285,1,8.6193,152,32,0.0303,0.7108,0.8314,23.4532,0.0303,0.6726,0.7329,8.6193,0.0,-0.0382,-0.0984,-14.8339,loss_familiarity,hosted,1,1,0,11,unformed,1,unformed,unformed,unformed,unformed,unformed,unformed,unformed,unformed,unformed,unformed,unformed,unformed,unformed,unformed,unformed,unformed,unformed,unformed,unformed,unformed,unformed,unformed,unformed,unformed,unformed,unformed,unformed,unformed,unformed,unformed,unformed,20,both,6,14,0.000147,0.051603,0.016804,4.934681,-6.41623,-0.000457,-2.412382,-0.202847,8.910027,4.680021,0.184448,-0.202847,-6.41623,-2.872443,-2.412382,-0.325022,12.295473,2,0.027323,0.997922,-0.728479,17,6,0.352941,0.28723,0.069767,0.005032,0.514151,0.559968
0,101,31,34,,ghost,5,2.1691,4,158.9368,121,34,0.0789,0.6452,0.8242,147.2566,0.1026,0.6453,0.6765,44.538,0.0236,0.0001,-0.1477,-102.7186,loss_spread|loss_familiarity,hosted,0,0,1,10,unformed,2,unformed,unformed,unformed,unformed,unformed,unformed,unformed,unformed,unformed,unformed,unformed,unformed,unformed,unformed,unformed,unformed,unformed,unformed,unformed,unformed,unformed,unformed,unformed,unformed,unformed,unformed,unformed,unformed,unformed,unformed,unformed,30,none,12,13,0.004863,0.085605,0.018306,18.43657,0.0,-0.180991,0.605874,-0.279986,9.758011,4.613842,1.657997,0.611745,-4.762982,-4.133016,-4.360644,-3.456505,13.09605,2,0.007594,0.575253,2.169052,27,17,0.62963,0.198788,0.049096,0.015154,0.22375,0.507152
0,102,31,32,,ghost,7,0.4524,3,87.7539,102,,,,,,,,,,,,,,,,0,0,0,10,unformed,0,unformed,unformed,unformed,unformed,unformed,unformed,unformed,unformed,unformed,unformed,unformed,unformed,unformed,unformed,unformed,unformed,unformed,unformed,unformed,unformed,unformed,unformed,unformed,unformed,unformed,unformed,unformed,unformed,unformed,unformed,unformed,10,MAD_DT_Major,4,5,0.007365,0.032763,0.020442,18.492918,-0.385662,0.071206,0.126871,-0.2501,3.447381,0.266147,0.280499,0.414451,-0.385662,-1.988782,-0.756174,-0.685992,12.303436,2,0.060327,0.449182,0.452417,7,4,0.571429,0.244005,0.061462,0.036715,0.188227,0.689616
0,103,31,32,,ghost,7,2.5367,3,32.7834,93,,,,,,,,,,,,,,,,0,0,0,10,unformed,0,unformed,unformed,unformed,unformed,unformed,unformed,unformed,unformed,unformed,unformed,unformed,unformed,unformed,unformed,unformed,unformed,unformed,unformed,unformed,unformed,unformed,unformed,unformed,unformed,unformed,unformed,unformed,unformed,unformed,unformed,unformed,10,MAD_DT_Major,1,6,0.007365,0.03577,0.021129,15.117026,-0.385662,-0.733297,-0.999436,-0.172726,5.909889,0.357404,0.470878,0.535324,-0.385662,-0.733297,-0.999436,-1.658718,12.938633,2,0.016784,0.373967,2.536744,7,7,1.0,0.110983,0.074751,0.010138,0.139286,0.219757
0,104,31,33,,ghost,6,0.7887,3,7.7817,181,33,0.0606,0.7232,0.8204,12.445,0.0789,0.6903,0.7846,5.6271,0.0183,-0.0328,-0.0358,-6.818,loss_familiarity,hosted,0,0,1,10,unformed,1,unformed,unformed,unformed,unformed,unformed,unformed,unformed,unformed,unformed,unformed,unformed,unformed,unformed,unformed,unformed,unformed,unformed,unformed,unformed,unformed,unformed,unformed,unformed,unformed,unformed,unformed,unformed,unformed,unformed,unformed,unformed,20,none,6,11,0.00418,0.043506,0.017009,2.104439,0.0,0.088022,-0.757036,-0.308051,4.752074,3.035762,0.888038,2.296836,-0.942155,-2.25439,-1.485854,-0.440071,12.477351,2,0.019768,0.918452,0.788705,17,7,0.411765,0.27014,0.058824,0.010812,0.515829,0.495095
0,105,31,32,,ghost,7,-2.4508,1,316.2444,81,,,,,,,,,,,,,,,,0,0,2,10,unformed,0,unformed,unformed,unformed,unformed,unformed,unformed,unformed,unformed,unformed,unformed,unformed,unformed,unformed,unformed,unformed,unformed,unformed,unformed,unformed,unformed,unformed,unformed,unformed,unformed,unformed,unformed,unformed,unformed,unformed,unformed,unformed,10,both,2,6,0.00021,0.035894,0.023349,32.594808,-4.478717,-0.279585,-1.058784,0.648188,0.0,0.246452,0.110762,0.901732,-4.478717,-0.618691,-1.156363,0.648188,12.235187,2,0.031853,0.995476,-2.450818,7,3,0.428571,0.280874,0.05814,0.011425,0.623107,0.430826
0,106,31,33,,ghost,6,-0.7057,3,116.2234,129,33,0.0606,0.7475,0.8212,161.4116,0.0789,0.6577,0.7154,52.9948,0.0183,-0.0898,-0.1058,-108.4168,loss_spread|loss_familiarity,hosted,0,0,1,10,unformed,1,unformed,unformed,unformed,unformed,unformed,unformed,unformed,unformed,unformed,unformed,unformed,unformed,unformed,unformed,unformed,unformed,unformed,unformed,unformed,unformed,unformed,unformed,unformed,unformed,unformed,unformed,unformed,unformed,unformed,unformed,unformed,20,both,13,12,0.003328,0.041442,0.015398,28.520453,7.701517,-0.325819,1.167518,-0.731323,9.337617,4.298587,1.167518,0.901732,-4.478717,-2.497203,-3.244899,-3.243733,11.927102,2,0.064489,0.999498,-0.705675,17,8,0.470588,0.274428,0.05814,0.036795,0.503536,0.499243
0,107,32,,,hosted,0,-2.0383,36,32.9576,1665,39,0.75,0.652,0.8479,12.6621,0.8182,0.6591,0.8792,10.7512,0.0682,0.007,0.0313,-1.9109,,hosted,1,1,1,11,formed,5,0.5897435897435898,0.8181818181818182,0.7279413568887254,0.0809747278986632,0.6156801376874285,0.6694011575387677,0.6520629158371324,0.019077495370454074,0.8319952644431847,0.8792246150642019,0.849832303487539,0.015960620143767684,9.424371785276431,17.2391709020631,12.010355870532944,2.8348205764830894,1,0,4,0,0,5,0,0,5,2,1,2,spread,familiarity,familiarity,70,MAD_DT_Normal,53,26,0.016512,0.037361,0.006754,0.6978,-1.120272,0.07634,-0.07109,-0.608866,3.493409,3.791614,3.389204,3.635176,-4.290149,-1.533522,-1.832824,-1.604524,33.739815,5,0.386849,0.539457,-2.03826,67,18,0.268657,0.430324,0.513363,0.35824,0.32883,0.520864
0,108,32,33,,ghost,6,2.8582,5,316.2444,94,,,,,,,,,,,,,,,,0,0,1,10,unformed,0,unformed,unformed,unformed,unformed,unformed,unformed,unformed,unformed,unformed,unformed,unformed,unformed,unformed,unformed,unformed,unformed,unformed,unformed,unformed,unformed,unformed,unformed,unformed,unformed,unformed,unformed,unformed,unformed,unformed,unformed,unformed,10,both,5,6,0.006418,0.046159,0.021159,11.541511,0.0,-0.217402,-1.105464,0.802483,4.807336,0.254978,-0.15713,0.802483,-0.557983,-0.217402,-1.386233,-0.815193,12.523091,2,0.017065,0.982615,2.858174,7,2,0.285714,0.304845,0.056478,0.008673,0.632355,0.521874
0,109,32,33,,ghost,6,-2.6009,6,54.6246,146,,,,,,,,,,,,,,,,1,1,1,11,unformed,0,unformed,unformed,unformed,unformed,unformed,unformed,unformed,unformed,unformed,unformed,unformed,unformed,unformed,unformed,unformed,unformed,unformed,unformed,unformed,unformed,unformed,unformed,unformed,unformed,unformed,unformed,unformed,unformed,unformed,unformed,unformed,10,both,3,6,0.013819,0.031131,0.018045,8.691629,0.244118,0.350717,-2.347002,-0.251197,1.510709,0.350717,0.73891,0.303973,-0.458147,-1.571411,-2.347002,-0.882015,11.610264,2,0.137261,0.99946,-2.600918,7,3,0.428571,0.266505,0.104651,0.110135,0.595169,0.256064
0,110,32,39,,ghost,0,3.0516,15,35.4207,141,39,0.35,0.6881,0.7939,2.6459,0.3409,0.6614,0.784,5.7183,-0.0091,-0.0267,-0.0099,3.0724,gain_familiarity,hosted,0,0,11,10,formed,5,0.23076923076923078,0.35,0.30390381548276285,0.043501076322091145,0.6613833872928528,0.7235455658385423,0.6825519445677231,0.02257179015166992,0.7483425166717937,0.7939010894491747,0.7705879711381881,0.018685675702877602,2.6458606079753495,14.350088976752087,7.724582852100989,4.561373574269266,0,0,5,0,0,5,0,0,5,1,3,1,spread,familiarity,familiarity,70,none,44,26,0.010229,0.045353,0.009836,0.606636,-0.775017,-0.956712,0.660712,-0.852541,4.279993,5.190718,2.628971,3.506347,-2.894365,-4.505574,-2.1357,-1.117158,12.435744,2,0.030073,0.681793,3.051644,67,32,0.477612,0.205945,0.072718,0.009832,0.259552,0.481678
0,111,32,36,,ghost,3,2.7794,10,25.6736,128,36,0.2308,0.6825,0.7577,14.4928,0.2564,0.6557,0.7433,9.4357,0.0256,-0.0268,-0.0144,-5.057,loss_familiarity,hosted,3,3,5,13,formed,3,0.20512820512820512,0.2564102564102564,0.23076923076923075,0.020935809767377585,0.6557029418218197,0.7409309051894271,0.6930335247430764,0.03558739797924542,0.7433002949451543,0.8080926030129725,0.7696995604271285,0.027777674645918363,9.43571553937941,28.04375179422437,17.32407499852588,7.856081368833579,0,0,3,0,0,3,0,0,3,0,3,0,social,none,familiarity,40,both,29,20,0.003752,0.048766,0.012035,1.467789,-1.798082,-0.385161,-0.747165,-0.730302,4.419141,5.81635,1.609355,1.011911,-1.798082,-4.108808,-3.353207,-0.777688,12.812068,2,0.008799,0.979656,2.779395,37,20,0.540541,0.278377,0.068196,0.023709,0.524564,0.497037
0,112,32,33,,ghost,6,-2.3381,2,316.2444,119,,,,,,,,,,,,,,,,0,0,2,10,unformed,0,unformed,unformed,unformed,unformed,unformed,unformed,unformed,unformed,unformed,unformed,unformed,unformed,unformed,unformed,unformed,unformed,unformed,unformed,unformed,unformed,unformed,unformed,unformed,unformed,unformed,unformed,unformed,unformed,unformed,unformed,unformed,10,both,4,5,0.001135,0.01958,0.019972,17.112489,1.188158,-1.356598,0.383067,0.511519,1.188158,0.167442,0.457752,0.577677,-2.721323,-1.356598,-1.144533,0.511519,11.799677,2,0.08887,0.998026,-2.338115,7,5,0.714286,0.192625,0.066445,0.061658,0.427989,0.214409
0,113,32,33,,ghost,6,2.9306,5,316.2444,104,,,,,,,,,,,,,,,,0,0,0,10,unformed,0,unformed,unformed,unformed,unformed,unformed,unformed,unformed,unformed,unformed,unformed,unformed,unformed,unformed,unformed,unformed,unformed,unformed,unformed,unformed,unformed,unformed,unformed,unformed,unformed,unformed,unformed,unformed,unformed,unformed,unformed,unformed,10,MAD_DT_Normal,7,5,0.0071,0.030269,0.014788,11.260372,4.085831,0.263074,-0.25005,-0.459706,5.414174,0.375251,0.370289,0.844061,-2.722168,-0.377044,-2.297119,-1.413927,12.319113,2,0.026859,0.99856,2.930625,7,4,0.571429,0.289856,0.064784,0.00592,0.624148,0.464573
0,114,32,33,,ghost,6,-2.1046,6,39.8319,117,,,,,,,,,,,,,,,,0,0,1,10,unformed,0,unformed,unformed,unformed,unformed,unformed,unformed,unformed,unformed,unformed,unformed,unformed,unformed,unformed,unformed,unformed,unformed,unformed,unformed,unformed,unformed,unformed,unformed,unformed,unformed,unformed,unformed,unformed,unformed,unformed,unformed,unformed,10,none,4,5,0.014044,0.026156,0.016836,7.385228,0.288265,-0.872228,-0.869997,-0.374389,1.603951,0.363029,0.618814,-0.191682,-0.519037,-1.46679,-1.444453,-0.51478,12.257907,2,0.031344,0.985168,-2.104622,7,3,0.428571,0.278924,0.064784,0.013585,0.666595,0.370731
0,115,32,35,,ghost,4,2.0363,4,7.3778,131,35,0.1026,0.6815,0.7906,12.081,0.1026,0.6759,0.7852,4.4399,0.0,-0.0056,-0.0053,-7.6411,loss_familiarity,hosted,0,0,1,10,unformed,2,unformed,unformed,unformed,unformed,unformed,unformed,unformed,unformed,unformed,unformed,unformed,unformed,unformed,unformed,unformed,unformed,unformed,unformed,unformed,unformed,unformed,unformed,unformed,unformed,unformed,unformed,unformed,unformed,unformed,unformed,unformed,30,none,14,16,0.000946,0.05282,0.012996,1.496489,0.0,-0.056433,0.864376,-0.33436,2.370402,6.664245,3.235338,-0.237422,-1.089417,-5.866147,-2.408224,-0.384914,11.687174,2,0.130572,0.880138,2.036298,27,11,0.407407,0.272333,0.074074,0.099455,0.453118,0.462686
0,116,32,33,,ghost,6,2.7716,6,40.3433,99,,,,,,,,,,,,,,,,0,0,1,10,unformed,0,unformed,unformed,unformed,unformed,unformed,unformed,unformed,unformed,unformed,unformed,unformed,unformed,unformed,unformed,unformed,unformed,unformed,unformed,unformed,unformed,unformed,unformed,unformed,unformed,unformed,unformed,unformed,unformed,unformed,unformed,unformed,10,both,3,6,0.009799,0.028415,0.020435,2.408196,3.029432,0.424771,-1.234405,1.118321,4.807336,0.424771,0.102277,1.118321,-0.461275,-0.28861,-1.279224,-1.554637,12.058745,2,0.049094,0.994951,2.771562,7,2,0.285714,0.293327,0.043189,0.024936,0.600947,0.504235
0,117,32,33,,ghost,6,0.3969,0,0.0,99,,,,,,,,,,,,,,,,1,1,0,11,unformed,0,unformed,unformed,unformed,unformed,unformed,unformed,unformed,unformed,unformed,unformed,unformed,unformed,unformed,unformed,unformed,unformed,unformed,unformed,unformed,unformed,unformed,unformed,unformed,unformed,unformed,unformed,unformed,unformed,unformed,unformed,unformed,10,both,4,5,0.0,0.043104,0.019253,0.0,0.0,0.246043,-3.52925,0.0,0.0,0.280995,-0.342222,0.0,0.0,-0.614859,-3.52925,0.0,12.616949,2,0.014118,0.956868,0.396875,7,3,0.428571,0.254462,0.066445,0.015261,0.41113,0.525013
0,118,32,33,,ghost,6,1.283,2,7.1243,100,,,,,,,,,,,,,,,,0,0,0,10,unformed,0,unformed,unformed,unformed,unformed,unformed,unformed,unformed,unformed,unformed,unformed,unformed,unformed,unformed,unformed,unformed,unformed,unformed,unformed,unformed,unformed,unformed,unformed,unformed,unformed,unformed,unformed,unformed,unformed,unformed,unformed,unformed,10,both,4,5,0.003623,0.033211,0.017759,1.44574,0.372384,0.103582,-2.242164,-0.411457,0.372384,0.238184,-0.378502,-0.389179,-0.684197,-0.77552,-2.242164,-0.436824,12.866735,2,0.007738,0.98227,1.283047,7,2,0.285714,0.285376,0.054817,0.017315,0.465289,0.604082
0,119,33,39,,ghost,0,3.1295,11,13.3436,149,39,0.2,0.7365,0.7723,8.8548,0.25,0.7188,0.7178,4.1277,0.05,-0.0177,-0.0545,-4.7272,loss_familiarity,hosted,0,0,10,10,formed,5,0.07692307692307693,0.25,0.15734143049932522,0.06063844538594096,0.6205312848288547,0.7364971586643235,0.6924080538983827,0.04107386361043783,0.7178422982950727,0.7978950426306388,0.7657687941610754,0.02709526358249937,4.127656200071962,51.7641530529202,17.70457934248676,17.611542495854934,0,0,5,0,0,5,0,0,5,1,4,0,spread,familiarity,familiarity,60,MAD_DT_Normal,38,25,0.008374,0.027208,0.010655,1.061296,2.082661,0.25374,-1.115755,0.207151,10.98501,4.730328,2.232066,2.326043,-3.128843,-2.467586,-3.589824,-1.326012,12.393905,2,0.023678,0.978389,3.129547,57,29,0.508772,0.261782,0.070379,0.013103,0.495682,0.467962
0,120,33,34,,ghost,5,2.8556,3,316.2444,126,,,,,,,,,,,,,,,,2,2,3,12,unformed,0,unformed,unformed,unformed,unformed,unformed,unformed,unformed,unformed,unformed,unformed,unformed,unformed,unformed,unformed,unformed,unformed,unformed,unformed,unformed,unformed,unformed,unformed,unformed,unformed,unformed,unformed,unformed,unformed,unformed,unformed,unformed,10,none,5,5,0.003615,0.026499,0.013785,16.422457,0.0,0.075102,-0.115261,0.380278,5.515629,0.427351,0.487845,0.886722,-1.173582,-1.351476,-1.740147,-1.586549,12.652189,2,0.012804,0.998224,2.85564,7,4,0.571429,0.286208,0.064784,0.013725,0.605376,0.460948
0,121,33,34,,ghost,5,2.6528,3,7.1798,119,,,,,,,,,,,,,,,,1,1,4,11,unformed,0,unformed,unformed,unformed,unformed,unformed,unformed,unformed,unformed,unformed,unformed,unformed,unformed,unformed,unformed,unformed,unformed,unformed,unformed,unformed,unformed,unformed,unformed,unformed,unformed,unformed,unformed,unformed,unformed,unformed,unformed,unformed,10,none,3,4,0.003315,0.026162,0.014765,0.753802,0.0,-0.506591,-0.582328,-0.75647,6.014481,0.252134,-0.16586,0.969692,0.0,-2.065616,-1.88929,-0.901732,12.50914,2,0.017948,0.989931,2.652833,7,4,0.571429,0.252773,0.066445,0.010072,0.441528,0.493047
0,122,33,,,hosted,0,2.9906,28,44.4467,1190,39,0.575,0.6696,0.8483,11.3915,0.6364,0.6253,0.8567,10.8614,0.0614,-0.0442,0.0084,-0.5301,,hosted,6,6,11,16,formed,5,0.358974358974359,0.6363636363636364,0.5012470862470862,0.09819331479585765,0.6253395456407459,0.6695685625758483,0.6531713251085312,0.01602056457566197,0.8157672020162472,0.8599230651832515,0.8406154648608043,0.01811886272064764,10.23569018844958,15.952834228883544,12.511593208737134,2.1714390650746926,0,0,5,0,0,5,0,0,5,1,1,3,stability,familiarity,familiarity,60,MAD_DT_Normal,40,34,0.01382,0.050141,0.006589,0.740698,-1.070767,-0.039948,-1.218902,1.027774,4.091254,7.103694,3.071679,3.085796,-2.428763,-3.541618,-1.459257,-1.390237,26.650464,4,0.377696,0.470999,2.990603,57,12,0.210526,0.356319,0.331089,0.349985,0.256861,0.487339
0,123,35,37,,ghost,2,-1.6387,4,12.1747,120,37,0.0769,0.6534,0.8293,16.9808,0.1053,0.6563,0.7364,7.7241,0.0283,0.0028,-0.0929,-9.2567,loss_familiarity,hosted,0,0,0,10,unformed,1,unformed,unformed,unformed,unformed,unformed,unformed,unformed,unformed,unformed,unformed,unformed,unformed,unformed,unformed,unformed,unformed,unformed,unformed,unformed,unformed,unformed,unformed,unformed,unformed,unformed,unformed,unformed,unformed,unformed,unformed,unformed,20,both,8,11,0.003047,0.037431,0.016105,2.648103,0.0,-1.691286,-0.839801,-0.3235,6.932696,3.295364,0.729626,0.473358,-0.501968,-1.691286,-2.109795,-1.020335,12.535072,2,0.017007,0.906559,-1.638733,17,9,0.529412,0.228039,0.045144,0.01166,0.345335,0.510018
0,124,35,39,,ghost,0,-3.028,8,15.6977,145,39,0.125,0.6852,0.7675,12.6483,0.1818,0.6565,0.7892,6.2034,0.0568,-0.0287,0.0216,-6.4449,loss_familiarity,hosted,1,1,2,11,formed,3,0.07894736842105263,0.18181818181818182,0.12858851674641147,0.042073421155373936,0.6564869202369841,0.7021082018310245,0.6812586595972449,0.018830171822457612,0.7675483039377785,0.7891891987168832,0.7814085903822966,0.009825271706178711,6.2034272421960885,46.18925145360626,21.68032217984018,17.529019133104473,0,0,3,0,0,3,0,0,3,0,3,0,spread,none,familiarity,40,none,25,16,0.007338,0.036635,0.012353,2.384949,-0.576128,0.066659,-0.347588,-0.276309,11.15295,2.769636,1.942133,0.274287,-1.990485,-2.949715,-2.10334,-1.406179,12.136818,2,0.039013,0.988701,-3.028036,37,12,0.324324,0.280219,0.062854,0.015308,0.525575,0.517141
0,125,35,36,,ghost,3,2.8908,2,20.5696,98,,,,,,,,,,,,,,,,0,0,1,10,unformed,0,unformed,unformed,unformed,unformed,unformed,unformed,unformed,unformed,unformed,unformed,unformed,unformed,unformed,unformed,unformed,unformed,unformed,unformed,unformed,unformed,unformed,unformed,unformed,unformed,unformed,unformed,unformed,unformed,unformed,unformed,unformed,10,none,4,4,0.000585,0.040736,0.017007,4.570256,0.0,0.251521,-0.731488,-0.443385,2.992996,0.376073,-0.239406,-0.4383,-2.048169,-0.802585,-2.292049,-0.477692,12.378392,2,0.022615,0.977923,2.890773,7,4,0.571429,0.300838,0.059801,0.00855,0.503905,0.631096
0,126,35,,,hosted,0,0.219,22,24.5805,1063,39,0.45,0.676,0.8459,10.4405,0.5,0.6787,0.8361,8.8202,0.05,0.0027,-0.0098,-1.6203,,hosted,0,0,0,10,formed,3,0.3157894736842105,0.5,0.42192982456140354,0.07777887700933646,0.6760452859407599,0.6858322474102756,0.6801916752226775,0.004132843300373796,0.8360828189653189,0.8519050967694918,0.844627713326076,0.00652130133599576,7.4058954771600725,10.44051464919945,8.888858930147792,1.2398299212365078,2,0,1,0,0,3,0,0,3,1,0,2,stability,social,none,40,MAD_DT_Normal,27,21,0.015305,0.046159,0.008122,0.868312,-0.759685,0.135293,1.186782,0.953911,3.608811,6.49495,1.413772,2.265112,-1.234081,-5.6077,-2.337334,-1.1791,26.109545,4,0.375159,0.661584,0.219044,37,13,0.351351,0.415891,0.310182,0.347951,0.409636,0.595793
0,127,35,39,,ghost,0,-2.95,8,13.5338,117,39,0.15,0.6874,0.8129,23.6254,0.1818,0.6652,0.653,8.6093,0.0318,-0.0222,-0.1599,-15.0161,loss_spread|loss_familiarity,hosted,0,0,2,10,formed,3,0.07894736842105263,0.18181818181818182,0.1369218500797448,0.043002942273362696,0.6651667196756788,0.6874165856179961,0.6794266123083804,0.010107688487855175,0.6529773218374684,0.8128915219233669,0.7419738536097163,0.06652454096168396,8.609261788640257,23.625369280980077,17.288577124450267,6.350140795786855,0,0,3,0,0,3,0,2,1,1,2,0,stability,familiarity,tie,40,none,26,20,0.007309,0.028604,0.015197,2.092795,-0.578404,-0.073046,-0.731735,-0.452605,3.99412,4.168619,1.984376,3.138826,-1.087692,-2.919253,-3.755973,-1.232666,12.090593,2,0.052254,0.821062,-2.949982,37,19,0.513514,0.25364,0.061282,0.027829,0.393127,0.532323
0,128,36,,,hosted,0,-0.4205,25,58.394,1881,39,0.475,0.6282,0.8475,8.8549,0.5682,0.6429,0.8395,14.275,0.0932,0.0146,-0.0079,5.4202,gain_familiarity,hosted,0,0,2,10,unformed,2,unformed,unformed,unformed,unformed,unformed,unformed,unformed,unformed,unformed,unformed,unformed,unformed,unformed,unformed,unformed,unformed,unformed,unformed,unformed,unformed,unformed,unformed,unformed,unformed,unformed,unformed,unformed,unformed,unformed,unformed,unformed,30,both,21,20,0.014561,0.025751,0.007966,1.201336,-0.907395,0.072197,-2.262379,1.292347,1.810906,2.540074,1.096481,2.067479,-0.907395,-2.649792,-2.631956,-1.036948,33.906684,5,0.367683,0.509213,-0.420455,27,7,0.259259,0.397663,0.52627,0.340478,0.294707,0.429198
0,129,36,,,hosted,0,2.6108,4,17.3325,151,39,0.0,0.6734,0.7449,0.0,0.0909,0.7105,0.8114,10.7752,0.0909,0.0371,0.0665,10.7752,gain_familiarity,hosted,1,1,3,11,unformed,2,unformed,unformed,unformed,unformed,unformed,unformed,unformed,unformed,unformed,unformed,unformed,unformed,unformed,unformed,unformed,unformed,unformed,unformed,unformed,unformed,unformed,unformed,unformed,unformed,unformed,unformed,unformed,unformed,unformed,unformed,unformed,30,MAD_DT_Major,16,14,0.004757,0.032933,0.012233,2.858456,-0.444351,0.074783,0.692826,-0.413081,19.982415,5.307787,1.910639,19.999977,-0.444351,-3.549502,-1.949047,-2.805819,10.945611,2,0.631758,0.990844,2.61084,27,8,0.296296,0.428981,0.067183,0.606153,0.500245,0.542344
0,130,36,39,,ghost,0,1.6654,5,13.4504,134,39,0.125,0.6947,0.7933,17.1667,0.1136,0.6977,0.7179,6.309,-0.0114,0.0031,-0.0754,-10.8578,loss_familiarity,hosted,1,1,0,11,unformed,2,unformed,unformed,unformed,unformed,unformed,unformed,unformed,unformed,unformed,unformed,unformed,unformed,unformed,unformed,unformed,unformed,unformed,unformed,unformed,unformed,unformed,unformed,unformed,unformed,unformed,unformed,unformed,unformed,unformed,unformed,unformed,30,none,17,15,0.006274,0.035603,0.012294,2.799248,-0.421167,-0.179945,0.17126,-0.246484,5.69935,4.435841,2.065121,7.047061,-1.551087,-4.258746,-4.096834,-2.330047,10.942398,2,0.631436,0.99871,1.665423,27,9,0.333333,0.432246,0.064599,0.60371,0.49826,0.562414
0,131,37,,,hosted,0,1.9956,8,21.261,437,39,0.075,0.7136,0.8618,20.7772,0.1818,0.655,0.8008,11.1821,0.1068,-0.0586,-0.061,-9.5951,gain_social|loss_familiarity,hosted,0,0,3,10,unformed,1,unformed,unformed,unformed,unformed,unformed,unformed,unformed,unformed,unformed,unformed,unformed,unformed,unformed,unformed,unformed,unformed,unformed,unformed,unformed,unformed,unformed,unformed,unformed,unformed,unformed,unformed,unformed,unformed,unformed,unformed,unformed,20,none,12,9,0.010857,0.020907,0.010337,3.434238,-0.389403,-0.835806,-0.823775,-0.282368,4.569979,3.361517,1.008676,2.09711,-0.809672,-3.165481,-1.67352,-1.194917,18.525968,3,0.354615,0.993712,1.995564,17,4,0.235294,0.426333,0.174419,0.327127,0.615107,0.588679
0,132,38,,,hosted,0,-1.1315,17,316.2444,702,,,,,,,,,,,,,,,,0,0,0,10,unformed,0,unformed,unformed,unformed,unformed,unformed,unformed,unformed,unformed,unformed,unformed,unformed,unformed,unformed,unformed,unformed,unformed,unformed,unformed,unformed,unformed,unformed,unformed,unformed,unformed,unformed,unformed,unformed,unformed,unformed,unformed,unformed,10,MAD_DT_Major,3,5,0.032182,0.024765,0.011236,4.695124,-0.262766,-0.136007,-0.109435,0.389553,1.853903,0.312859,0.672338,0.964299,-0.262766,-0.695628,-1.748623,-0.537653,26.709443,4,0.272817,0.60412,-1.131534,7,2,0.285714,0.326244,0.257475,0.244485,0.314626,0.48839
0,133,38,,,hosted,0,-0.4739,4,316.2444,121,,,,,,,,,,,,,,,,1,1,1,11,unformed,0,unformed,unformed,unformed,unformed,unformed,unformed,unformed,unformed,unformed,unformed,unformed,unformed,unformed,unformed,unformed,unformed,unformed,unformed,unformed,unformed,unformed,unformed,unformed,unformed,unformed,unformed,unformed,unformed,unformed,unformed,unformed,10,MAD_DT_Major,5,4,0.00552,0.028044,0.013132,14.572429,-0.382909,-0.623633,-0.066974,0.189255,2.932963,0.133193,0.759112,0.87134,-0.382909,-0.764364,-1.850313,-1.041336,12.559451,2,0.029098,0.527147,-0.473886,7,2,0.285714,0.244547,0.081395,0.008556,0.198855,0.689382
0,134,38,,,hosted,0,1.8685,3,316.2444,113,,,,,,,,,,,,,,,,3,3,0,13,unformed,0,unformed,unformed,unformed,unformed,unformed,unformed,unformed,unformed,unformed,unformed,unformed,unformed,unformed,unformed,unformed,unformed,unformed,unformed,unformed,unformed,unformed,unformed,unformed,unformed,unformed,unformed,unformed,unformed,unformed,unformed,unformed,10,both,2,5,0.002878,0.02225,0.024703,9.789927,-0.550829,-1.016237,-0.515305,0.480939,0.0,0.506576,0.112976,0.531633,-0.550829,-1.417635,-0.8584,0.480939,11.866089,2,0.082778,0.914629,1.86852,7,2,0.285714,0.245786,0.083056,0.050117,0.537692,0.312278
0,135,38,39,,ghost,0,-0.4549,6,316.2444,107,,,,,,,,,,,,,,,,0,0,0,10,unformed,0,unformed,unformed,unformed,unformed,unformed,unformed,unformed,unformed,unformed,unformed,unformed,unformed,unformed,unformed,unformed,unformed,unformed,unformed,unformed,unformed,unformed,unformed,unformed,unformed,unformed,unformed,unformed,unformed,unformed,unformed,unformed,10,MAD_DT_Major,4,5,0.00828,0.0216,0.016118,7.163923,-0.382932,-0.580422,-0.90686,0.179206,1.450459,0.058035,0.728346,0.727122,-0.382932,-2.222214,-2.232035,-0.395388,11.523389,2,0.170216,0.979176,-0.454879,7,5,0.714286,0.269558,0.069767,0.145254,0.444917,0.418293
0,136,38,,,hosted,0,2.3947,8,316.2444,119,,,,,,,,,,,,,,,,0,0,1,10,unformed,0,unformed,unformed,unformed,unformed,unformed,unformed,unformed,unformed,unformed,unformed,unformed,unformed,unformed,unformed,unformed,unformed,unformed,unformed,unformed,unformed,unformed,unformed,unformed,unformed,unformed,unformed,unformed,unformed,unformed,unformed,unformed,10,both,6,5,0.016091,0.030363,0.012782,9.843335,-0.262757,-0.378457,-1.246338,0.077866,2.224648,0.296065,0.403984,0.32494,-0.262757,-2.551699,-1.455696,-0.888417,12.183254,2,0.042775,0.852714,2.394673,7,5,0.714286,0.256613,0.083056,0.015967,0.458138,0.469293
0,137,38,39,,ghost,0,-0.6535,4,68.8742,113,,,,,,,,,,,,,,,,0,0,0,10,unformed,0,unformed,unformed,unformed,unformed,unformed,unformed,unformed,unformed,unformed,unformed,unformed,unformed,unformed,unformed,unformed,unformed,unformed,unformed,unformed,unformed,unformed,unformed,unformed,unformed,unformed,unformed,unformed,unformed,unformed,unformed,unformed,10,MAD_DT_Major,5,6,0.002995,0.026825,0.013656,12.138939,-0.705647,-0.731215,0.459468,-0.279558,5.615665,0.248315,1.898191,-0.030149,-0.705647,-1.589827,-1.530975,-1.291759,11.488724,2,0.180541,0.999882,-0.653472,7,3,0.428571,0.298091,0.076412,0.149455,0.520488,0.446008
0,138,38,39,,ghost,0,2.2641,5,316.2444,79,,,,,,,,,,,,,,,,0,0,0,10,unformed,0,unformed,unformed,unformed,unformed,unformed,unformed,unformed,unformed,unformed,unformed,unformed,unformed,unformed,unformed,unformed,unformed,unformed,unformed,unformed,unformed,unformed,unformed,unformed,unformed,unformed,unformed,unformed,unformed,unformed,unformed,unformed,10,MAD_DT_Major,4,6,0.005638,0.029486,0.011549,23.362994,-0.468667,-0.258882,-0.650324,0.258808,6.768246,0.325264,0.841601,0.777804,-0.468667,-0.351701,-1.52428,-1.912544,11.510654,2,0.172454,0.995226,2.264058,7,5,0.714286,0.328348,0.053156,0.148652,0.599306,0.51228
0,139,38,,,hosted,0,2.1208,5,316.2444,88,,,,,,,,,,,,,,,,0,0,2,10,unformed,0,unformed,unformed,unformed,unformed,unformed,unformed,unformed,unformed,unformed,unformed,unformed,unformed,unformed,unformed,unformed,unformed,unformed,unformed,unformed,unformed,unformed,unformed,unformed,unformed,unformed,unformed,unformed,unformed,unformed,unformed,unformed,10,both,5,5,0.008163,0.034269,0.019958,17.965288,-0.323701,0.360141,-1.327475,0.306039,5.737714,0.38979,1.105492,0.721995,-0.323701,-0.36414,-1.408507,-1.785461,12.444741,2,0.021309,0.937433,2.120829,7,2,0.285714,0.278197,0.068106,0.006156,0.427197,0.611329
0,140,38,39,,ghost,0,1.5187,4,38.605,117,,,,,,,,,,,,,,,,0,0,0,10,unformed,0,unformed,unformed,unformed,unformed,unformed,unformed,unformed,unformed,unformed,unformed,unformed,unformed,unformed,unformed,unformed,unformed,unformed,unformed,unformed,unformed,unformed,unformed,unformed,unformed,unformed,unformed,unformed,unformed,unformed,unformed,unformed,10,both,4,6,0.00552,0.017286,0.022127,6.166256,-0.382909,-0.094148,-1.199977,0.147146,3.910453,0.55347,-0.124439,0.310293,-0.382909,-0.673738,-1.588112,-1.082281,12.736845,2,0.017745,0.574566,1.518736,7,3,0.428571,0.225987,0.08804,0.008998,0.28414,0.522771
0,141,38,39,,ghost,0,2.8042,5,35.4207,64,,,,,,,,,,,,,,,,0,0,0,10,unformed,0,unformed,unformed,unformed,unformed,unformed,unformed,unformed,unformed,unformed,unformed,unformed,unformed,unformed,unformed,unformed,unformed,unformed,unformed,unformed,unformed,unformed,unformed,unformed,unformed,unformed,unformed,unformed,unformed,unformed,unformed,unformed,10,MAD_DT_Major,6,5,0.008163,0.026126,0.014613,8.242279,-0.323701,-0.382726,-0.752893,-0.305197,2.29828,0.563089,0.997741,0.351974,-0.323701,-1.265784,-3.603288,-0.327551,11.381552,2,0.25567,0.903687,2.80421,7,3,0.428571,0.284552,0.028239,0.237247,0.442088,0.430635
0,142,38,39,,ghost,0,1.8031,4,34.9619,107,,,,,,,,,,,,,,,,0,0,0,10,unformed,0,unformed,unformed,unformed,unformed,unformed,unformed,unformed,unformed,unformed,unformed,unformed,unformed,unformed,unformed,unformed,unformed,unformed,unformed,unformed,unformed,unformed,unformed,unformed,unformed,unformed,unformed,unformed,unformed,unformed,unformed,unformed,10,both,4,6,0.00552,0.021826,0.015959,4.952038,-0.382909,-1.577959,-0.921578,-0.564585,3.421719,0.382571,0.150483,-0.564585,-0.382909,-1.577959,-1.634569,-0.941686,11.406082,2,0.232754,0.938147,1.803126,7,3,0.428571,0.371126,0.074751,0.205889,0.58588,0.617982
0,143,38,39,,ghost,0,1.4142,9,59.8238,109,,,,,,,,,,,,,,,,0,0,0,10,unformed,0,unformed,unformed,unformed,unformed,unformed,unformed,unformed,unformed,unformed,unformed,unformed,unformed,unformed,unformed,unformed,unformed,unformed,unformed,unformed,unformed,unformed,unformed,unformed,unformed,unformed,unformed,unformed,unformed,unformed,unformed,unformed,10,both,4,6,0.018734,0.03225,0.014201,11.851752,-0.253905,-0.081499,-2.118375,-0.193002,0.993506,0.3683,1.611977,0.417108,-0.253905,-0.822943,-2.118375,-0.398473,11.756523,2,0.106774,0.912559,1.414244,7,3,0.428571,0.274473,0.049834,0.079124,0.407474,0.561461
0,144,38,,,hosted,0,-0.7613,4,59.8238,104,,,,,,,,,,,,,,,,0,0,2,10,unformed,0,unformed,unformed,unformed,unformed,unformed,unformed,unformed,unformed,unformed,unformed,unformed,unformed,unformed,unformed,unformed,unformed,unformed,unformed,unformed,unformed,unformed,unformed,unformed,unformed,unformed,unformed,unformed,unformed,unformed,unformed,unformed,10,MAD_DT_Major,4,6,0.00552,0.037609,0.020496,11.409178,-0.382909,0.240144,-0.284207,-0.340838,3.825458,0.291173,0.84638,0.392124,-0.382909,-1.6289,-3.825614,-1.085054,11.568607,2,0.162548,0.923976,-0.761293,7,2,0.285714,0.251056,0.051495,0.133553,0.245786,0.573393
